{
  "CN": 78.0,
  "area_km2": 84.48,
  "lorenz_params": {
    "sigma": 10.0,
    "rho": 28.0,
    "beta": 2.6666666666666665,
    "gamma": 0.015,
    "kappa": 0.12,
    "mu": 0.008,
    "alpha": 0.25
  },
  "n_particles": 500,
  "validation_metrics": {
    "KGE": 0.9324656224951308,
    "r": 0.9825187835662043,
    "alpha": 1.0435331456618864,
    "beta": 1.0485815237075369,
    "n_valid": 