{
  "validation_metrics": {
    "KGE": 0.9567756577865998,
    "r": 0.9704208361629556,
    "alpha": 0.9781709773831546,
    "beta": 0.9772643320292614,
    "n_valid": 48,
    "mu_obs": 26.894444956179466,
    "mu_sim": 26.28298178549619,
    "sigma_obs": 37.64426317779103,
    "sigma_sim": 36.82252570548855,
    "NSE": 0.941387079484255,
    "PBIAS": -2.273566796710307,
    "RMSE": 9.018281596491372,
    "MAE": 4.5954382078892975,
    "CRPS": 3.669808957854956,
    "Coverage_90": 0.3541666666666667,
    "Coverage_95": 0.3541666666666667,
    "Reliability": -9.587625
  },
  "parameter_estimates": {
    "rho": {
      "mean": 28.19561264659855,
      "std": 0.6888264982764941,
      "median": 28.207071009589285,
      "q05": 27.25205442135006,
      "q95": 28.900050814676437
    },
    "gamma": {
      "mean": 0.013934199860075993,
      "std": 0.005908400052956747,
      "median": 0.010664533533057945,
      "q05": 0.00584664424665513,
      "q95": 0.022055191343295068
    },
    "kappa": {
      "mean": 0.10854461075510616,
      "std": 0.019155322921122767,
      "median": 0.09594729653186529,
      "q05": 0.09343305026168566,
      "q95": 0.14198489065661093
    },
    "mu": {
      "mean": 0.011913023048987635,
      "std": 0.0008628775061642735,
      "median": 0.012056023345841662,
      "q05": 0.010667379932267544,
      "q95": 0.013394499951208415
    },
    "y0_x": {
      "mean": 0.41107287692267486,
      "std": 0.14177072258675835,
      "median": 0.36428940568509194,
      "q05": 0.27999119266749367,
      "q95": 0.671172742316946
    },
    "y0_y": {
      "mean": 1.0128853718829682,
      "std": 0.2722963262505124,
      "median": 0.9798218446668322,
      "q05": 0.6191508209126945,
      "q95": 1.4445607937278186
    },
    "y0_z": {
      "mean": 20.66692235479562,
      "std": 1.364883010936125,
      "median": 21.55790286958456,
      "q05": 18.342331353690458,
      "q95": 21.761412936924927
    },
    "y0_w": {
      "mean": -0.006231445979590031,
      "std": 0.15106796280669496,
      "median": 0.04721620393067569,
      "q05": -0.32475468214438347,
      "q95": 0.1954638975868679
    },
    "Cn": {
      "mean": 72.84062688993727,
      "std": 3.981347485052312,
      "median": 70.81787137817003,
      "q05": 69.63024713037134,
      "q95": 79.71237481864102
    }
  },
  "resampling_times": [
    4,
    5,
    7,
    8,
    10,
    11,
    13,
    15,
    17,
    20,
    22,
    24,
    26,
    28,
    30,
    32,
    33,
    34
  ],
  "config": {
    "CN": 78.0,
    "area_km2": 84.48,
    "lorenz_params": {
      "sigma": 10.0,
      "rho": 28.0,
      "beta": 2.6666666666666665,
      "gamma": 0.015,
      "kappa": 0.12,
      "mu": 0.008,
      "alpha": 0.25
    },
    "n_particles": 1000,
    "lambda_ia": 0.2,
    "t_peak_hours": 4.0,
    "t_base_hours": 18.0,
    "peak_mm_hr": 45.0,
    "peak_time": 10.0,
    "decay_rate": 8.0,
    "resampling_threshold": 0.5,
    "obs_error_base": 0.15,
    "obs_error_min": 0.05
  }
}